model_config,layers,num_layers,global_min,global_max,range,num_samples,seed
784_400_10,"[784, 400, 10]",2,-33.32389831542969,21.78282356262207,55.10672187805176,10000,42
