model_config,layers,num_layers,global_min,global_max,range,mean,std,median,total_values,num_samples,seed
784_100_100_10,"[784, 100, 100, 10]",3,-29.9219913482666,26.53099822998047,56.45298957824707,0.09972850233316422,0.29963764548301697,0.0,2000000,10000,0
